종목코드,종목명,종가,대비,등락률,상장시가총액
"005930","삼성전자","281000","10500","3.88","1642804288848000"
"000660","SK하이닉스","1840000","21000","1.15","1311372351600000"
"402340","SK스퀘어","1093000","-5000","-0.46","144230515898000"
"005380","현대차","663000","-37000","-5.29","135754398858000"
"373220","LG에너지솔루션","408000","-9000","-2.16","95472000000000"
"009150","삼성전기","1031000","21000","2.08","77009200576000"
"034020","두산에너빌리티","112100","1300","1.17","71806904466600"
"028260","삼성물산","399500","3000","0.76","64785948609500"
"329180","HD현대중공업","615000","-25000","-3.91","64551153375000"
"207940","삼성바이오로직스","1386000","-33000","-2.33","64159258086000"
"012450","한화에어로스페이스","1227000","11000","0.90","63268293027000"
"000270","기아","162500","-5500","-3.27","63442112175000"
"032830","삼성생명","313500","3500","1.13","62700000000000"
"105560","KB금융","153000","-2600","-1.67","57046119615000"
"012330","현대모비스","571000","-58000","-9.22","51808304893000"
"006400","삼성SDI","613000","-1000","-0.16","49398929890000"
"055550","신한지주","93100","-2000","-2.10","44190321009100"
"267260","HD현대일렉트릭","1147000","-32000","-2.71","41346063845000"
"068270","셀트리온","183200","-5600","-2.97","40659089415200"
"006800","미래에셋증권","70500","600","0.86","39449465040000"
"034730","SK","530000","27000","5.37","38426432590000"
"010120","LS ELECTRIC","253500","-5500","-2.12","38025000000000"
"005490","POSCO홀딩스","463000","-4500","-0.96","36688827001000"
"066570","LG전자","217000","-23500","-9.77","35345966446000"
"042660","한화오션","115800","-2300","-1.95","35482671025200"
"298040","효성중공업","3730000","-15000","-0.40","34780564040000"
"035420","NAVER","200000","-3500","-1.72","31374755200000"
"086790","하나금융지주","114200","-4800","-4.03","31332796821600"
"042700","한미반도체","317000","-52000","-14.09","30213967400000"
"010130","고려아연","1420000","-6000","-0.42","29639615980000"
"009540","HD한국조선해양","410000","-6000","-1.44","29016977560000"
"010140","삼성중공업","29550","250","0.85","26004000000000"
"051910","LG화학","373000","-1000","-0.27","26330943939000"
"000150","두산","1593000","-21000","-1.30","25796779155000"
"000810","삼성화재","554000","0","0.00","24734700042000"
"015760","한국전력","37650","-1100","-2.84","24169947499050"
"316140","우리금융지주","30650","-600","-1.92","22499439208000"
"064350","현대로템","201000","-500","-0.25","21937600893000"
"017670","SK텔레콤","100500","-800","-0.79","21586400326500"
"267250","HD현대","269000","-500","-0.19","21249139865000"
"003670","포스코퓨처엠","232000","-3500","-1.49","20635523040000"
"096770","SK이노베이션","123300","-200","-0.16","20844208760400"
"272210","한화시스템","106100","1800","1.73","20044347172900"
"035720","카카오","42450","-1550","-3.52","18810076255650"
"011200","HMM","19960","70","0.35","18827029881200"
"033780","KT&G","178200","-1600","-0.89","18499023259200"
"079550","LIG디펜스앤에어로스페이스","839000","5000","0.60","18458000000000"
"138040","메리츠금융지주","106300","500","0.47","17789015119900"
"003550","LG","115400","-10600","-8.41","17797170909000"
"011070","LG이노텍","760000","28000","3.83","17987001320000"
"086280","현대글로비스","230000","-12000","-4.96","17250000000000"
"006260","LS","528000","55500","11.75","16473600000000"
"024110","기업은행","20650","-250","-1.20","16466844194850"
"000720","현대건설","144900","-10100","-6.52","16135450348500"
"307950","현대오토에버","596000","-52000","-8.02","16344693272000"
"047810","한국항공우주","161700","600","0.37","15761724801900"
"278470","에이피알","402000","-2000","-0.50","15050138310000"
"030200","KT","57000","-1700","-2.90","14365236045000"
"018260","삼성에스디에스","180600","-8400","-4.44","13974430680000"
"071050","한국금융지주","240500","-17500","-6.78","13402101076000"
"259960","크래프톤","282000","3000","1.08","13009334826000"
"047050","포스코인터내셔널","71300","-600","-0.83","12543294784400"
"0126Z0","삼성에피스홀딩스","496500","-10500","-2.07","12354433828500"
"010950","S-Oil","111500","-600","-0.54","12552981308000"
"047040","대우건설","29300","800","2.81","12039593793400"
"005940","NH투자증권","31950","-600","-1.84","11385202589550"
"001440","대한전선","58100","-1900","-3.17","11387169827600"
"323410","카카오뱅크","22300","-150","-0.67","10639785745100"
"005830","DB손해보험","160600","-3900","-2.37","10519356049400"
"016360","삼성증권","119900","-3300","-2.68","10707070000000"
"352820","하이브","235000","-9000","-3.69","10129028515000"
"003230","삼양식품","1366000","-78000","-5.40","10290098490000"
"039490","키움증권","390000","-6000","-1.52","10229043240000"
"443060","HD현대마린솔루션","221000","5500","2.55","9908194660000"
"007660","이수페타시스","131500","3500","2.73","9653312298500"
"003490","대한항공","25550","-500","-1.92","9408037888550"
"028050","삼성E&A","49500","-1100","-2.17","9702000000000"
"000880","한화","126200","-15200","-10.75","8898099377800"
"267270","HD건설기계","163000","600","0.37","7819781234000"
"326030","SK바이오팜","95500","-1100","-1.14","7478915375000"
"161390","한국타이어앤테크놀로지","61800","-400","-0.64","7655479264200"
"062040","산일전기","258500","-10000","-3.72","7914197225000"
"064400","LG씨엔에스","81300","-5300","-6.12","7876827572400"
"454910","두산로보틱스","117900","-9500","-7.46","7642275642000"
"353200","대덕전자","140400","4600","3.39","6938136270000"
"078930","GS","74800","-2500","-3.23","6950070274400"
"000990","DB하이텍","170900","7400","4.53","7434934089200"
"180640","한진칼","111400","-7800","-6.54","7437317880600"
"009830","한화솔루션","43350","2750","6.77","7451541435600"
"090430","아모레퍼시픽","120400","-1600","-1.31","7042528183600"
"241560","두산밥캣","67700","-2000","-2.87","6489455600500"
"377300","카카오페이","49100","-2000","-3.91","6641083102500"
"066970","엘앤에프","160500","300","0.19","6493105663500"
"000500","가온전선","380000","41500","12.26","6286383700000"
"032640","LG유플러스","15600","-610","-3.76","6705322338000"
"034220","LG디스플레이","13390","-710","-5.04","6695000000000"
"000100","유한양행","83400","-2600","-3.02","6642609923400"
"021240","코웨이","92500","-2200","-2.32","6545986905000"
"082740","한화엔진","68400","-3200","-4.47","5707784512800"
"004020","현대제철","43450","-2700","-5.85","5798219358250"
"010060","OCI홀딩스","318000","27000","9.28","5937133776000"
"271560","오리온","136200","-4800","-3.40","5384821178400"
"336260","두산퓨얼셀","82600","-1900","-2.25","5409781767600"
"036570","NC","258500","-13000","-4.79","5569129687000"
"052690","한전기술","144700","-2200","-1.50","5530434000000"
"103590","일진전기","113200","-5900","-4.95","5397986148000"
"088980","맥쿼리인프라","11140","-40","-0.36","5335191002020"
"138930","BNK금융지주","17260","-60","-0.35","5356244589580"
"011790","SKC","136500","3000","2.25","5169022677000"
"022100","포스코DX","33800","100","0.30","5138773840200"
"029780","삼성카드","48800","-2000","-3.94","5653913880800"
"128940","한미약품","432500","-40000","-8.47","5540753607500"
"450080","에코프로머티","63600","-900","-1.40","4496876605200"
"088350","한화생명","5670","280","5.19","4924565100000"
"175330","JB금융지주","25250","300","1.20","4753402996000"
"004170","신세계","503000","-38000","-7.02","4750926043000"
"023530","롯데쇼핑","158600","-11200","-6.60","4486596543000"
"001040","CJ","170300","-46700","-21.52","4968842759400"
"002380","KCC","522000","-12000","-2.25","4638737862000"
"018880","한온시스템","4910","-140","-2.77","5038949130320"
"111770","영원무역","87900","-1700","-1.90","3894978037200"
"051900","LG생활건강","259500","-8500","-3.17","3968082489000"
"251270","넷마블","42350","-850","-1.97","3469929081850"
"489790","한화비전","71300","700","0.99","3599822207000"
"097950","CJ제일제당","221500","-7000","-3.06","3334502199000"
"011170","롯데케미칼","84100","-2400","-2.77","3597412737900"
"011780","금호석유화학","143000","-1700","-1.17","3597497475000"
"004800","효성","216000","-10000","-4.42","3615927912000"
"014680","한솔케미칼","319500","-6500","-1.99","3632777302500"
"017800","현대엘리베이터","86900","-3200","-3.55","3397128256500"
"035250","강원랜드","15950","-350","-2.15","3412350975000"
"036460","한국가스공사","37650","-200","-0.53","3475584450000"
"012510","더존비즈온","120000","0","0.00","3647378400000"
"204320","HL만도","58500","-3200","-5.19","2746991520000"
"006360","GS건설","31500","-500","-1.56","2695816935000"
"375500","DL이앤씨","79700","-600","-0.75","3083881753100"
"383220","F&F","81500","-2700","-3.21","3122026612500"
"457190","이수스페셜티케미컬","99600","-2000","-1.97","3009799651200"
"483650","달바글로벌","228500","-8000","-3.38","2838321890000"
"139130","iM금융지주","17910","-240","-1.32","2876786281530"
"139480","이마트","99200","-3300","-3.22","2737505244800"
"007340","DN오토모티브","48700","-2200","-4.32","2849479125500"
"020150","롯데에너지머티리얼즈","59800","-1400","-2.29","3131454687400"
"028670","팬오션","5950","-80","-1.33","3180688596400"
"031210","서울보증보험","45650","0","0.00","3187355948700"
"001430","세아베스틸지주","75500","5400","7.70","2707589984500"
"001450","현대해상","38350","5000","14.99","3269270387500"
"001720","신영증권","186600","6000","3.32","3067704000000"
"005850","에스엘","64800","-7100","-9.87","3009864096000"
"302440","SK바이오사이언스","40550","-750","-1.82","3181413224150"
"229640","LS에코에너지","79200","-2000","-2.46","2425490416800"
"005440","현대지에프홀딩스","14180","-640","-4.32","2210722988180"
"282330","BGF리테일","136200","-4500","-3.20","2354067997200"
"322000","HD현대에너지솔루션","212000","15200","7.72","2374400000000"
"439260","대한조선","68600","-800","-1.15","2642905003200"
"051600","한전KPS","55200","-1200","-2.13","2484000000000"
"069960","현대백화점","112000","-6700","-5.64","2415270144000"
"071970","HD현대마린엔진","76800","-2400","-3.03","2605170816000"
"081660","미스토홀딩스","40900","1700","4.34","2171456256000"
"103140","풍산","86000","-1700","-1.94","2410087908000"
"112610","씨에스윈드","52700","-100","-0.19","2222432938100"
"120110","코오롱인더","78500","-1400","-1.75","2350763512000"
"161890","한국콜마","92200","-4900","-5.05","2176388099400"
"007070","GS리테일","28400","-1050","-3.57","2374450586000"
"008770","호텔신라","59400","-3100","-4.96","2331338387400"
"008930","한미사이언스","34150","-850","-2.43","2335571432500"
"009420","한올바이오파마","41450","-4900","-10.57","2165374445100"
"009970","영원무역홀딩스","198300","-6700","-3.27","2676898697100"
"011210","현대위아","89000","-3300","-3.58","2420362387000"
"012750","에스원","70500","-4600","-6.13","2678942049000"
"018670","SK가스","249500","-40500","-13.97","2309682378000"
"026960","동서","24850","-500","-1.97","2477545000000"
"030000","제일기획","19240","-350","-1.79","2213393169000"
"000240","한국앤컴퍼니","24050","-1400","-5.50","2283192522000"
"003690","코리안리","14420","1290","9.82","2548317267020"
"004370","농심","395000","-4000","-1.00","2402643590000"
"004990","롯데지주","26800","-1600","-5.63","2670989196800"
"279570","케이뱅크","5490","60","1.10","2227266378990"
"192820","코스맥스","180400","-5300","-2.85","2047451423600"
"006280","녹십자","134300","-4400","-3.17","1569502053400"
"361610","SK아이이테크놀로지","20600","-800","-3.74","1684814260000"
"462870","시프트업","29400","-800","-2.65","1724437596000"
"475150","SK이터닉스","45800","1350","3.04","1560268783200"
"069620","대웅제약","133100","-8900","-6.27","1542173132500"
"077970","STX엔진","44650","-1200","-2.62","1792611012950"
"085620","미래에셋생명","15000","230","1.56","2027700000000"
"097230","HJ중공업","23100","-850","-3.55","2085822446400"
"007810","코리아써키트","82500","-8500","-9.34","1978566150000"
"017960","한국카본","36650","-2100","-5.42","1916010690000"
"020560","아시아나항공","7360","-10","-0.14","1516091632960"
"023590","다우기술","44200","600","1.38","1913299190400"
"032350","롯데관광개발","19220","-350","-1.79","1529940330280"
"395400","SK리츠","5640","-150","-2.59","1697739376800"
"000120","CJ대한통운","89200","-3200","-3.46","2034861084800"
"001120","LX인터내셔널","45750","300","0.66","1773270000000"
"001740","SK네트웍스","8250","-470","-5.39","1654899584250"
"001800","오리온홀딩스","25900","-2400","-8.48","1622516429800"
"002790","아모레퍼시픽홀딩스","24450","-1150","-4.49","1869402501000"
"003540","대신증권","33100","-800","-2.36","1629174155300"
"003570","SNT다이내믹스","48600","1500","3.18","1616081074200"
"005070","코스모신소재","51200","-800","-1.54","1700586035200"
"006040","동원산업","36700","-1400","-3.67","1620231086200"
"298020","효성티앤씨","422000","-18000","-4.09","1826281804000"
"192400","쿠쿠홀딩스","27050","-850","-3.05","961957104250"
"195870","해성디에스","85900","-1700","-1.94","1460300000000"
"248070","솔루엠","20700","-850","-3.94","989796085200"
"280360","롯데웰푸드","118400","-3000","-2.47","1089821561600"
"281820","케이씨텍","70200","-1100","-1.54","1389866002200"
"294870","IPARK현대산업개발","22050","-850","-3.71","1453256626500"
"298050","HS효성첨단소재","226500","-1500","-0.66","1014708222000"
"300720","한일시멘트","16030","-290","-1.78","1178929700270"
"456040","OCI","124500","3100","2.55","1114585627500"
"499790","GS피앤엘","48550","-4250","-8.05","962787330550"
"057050","현대홈쇼핑","84800","-1600","-1.85","1017600000000"
"073240","금호타이어","4960","-100","-1.98","1424811023520"
"075580","세진중공업","15950","-650","-3.92","906748823200"
"082640","동양생명","7580","-150","-1.94","1223098074300"
"089860","롯데렌탈","31900","-50","-0.16","1158269477200"
"090460","비에이치","32350","-800","-2.41","1090568254300"
"093370","후성","12080","260","2.20","1295644386400"
"100090","SK오션플랜트","19130","-180","-0.93","1195206607770"
"100840","SNT에너지","44400","-1700","-3.69","918226765200"
"108320","LX세미콘","56100","-3900","-6.50","912427230000"
"137310","에스디바이오센서","7940","-50","-0.63","958747869880"
"181710","NHN","38200","100","0.26","1251169909800"
"185750","종근당","79700","-1500","-1.85","1100081566000"
"192080","더블유게임즈","60400","1300","2.20","1278877467200"
"007310","오뚜기","353500","-6500","-1.81","1416767905000"
"009450","경동나비엔","71600","1000","1.42","1043111187200"
"010780","아이에스동서","30200","-200","-0.66","911646675200"
"012630","HDC","23000","-1150","-4.76","1374059583000"
"030610","교보증권","12880","-570","-4.24","1467842937680"
"033240","자화전자","51500","-4200","-7.54","1112683353000"
"034230","파라다이스","14430","-880","-5.75","1336641982260"
"415640","KB발해인프라","9820","-90","-0.91","1203397281360"
"330590","롯데리츠","3905","-190","-4.64","1128423492020"
"365550","ESR켄달스퀘어리츠","4130","-130","-3.05","1016347570000"
"451800","한화리츠","5300","40","0.76","951880000000"
"000080","하이트진로","16540","-420","-2.48","1160009925940"
"000210","DL","57400","-2500","-4.17","1202867741600"
"000670","영풍","58800","-1600","-2.65","1082548160400"
"001510","SK증권","4010","-150","-3.61","927493290850"
"003090","대웅","20350","-750","-3.55","1183189293000"
"003240","태광산업","1014000","3000","0.30","1128987600000"
"003470","유안타증권","6110","-240","-3.78","1219535079360"
"003530","한화투자증권","6850","-60","-0.87","1469652258750"
"004000","롯데정밀화학","54600","-600","-1.09","1408680000000"
"005300","롯데칠성","116100","-2200","-1.86","1077278432400"
"005690","파미셀","16630","-500","-2.92","998082111320"
"006110","삼아알미늄","84200","-100","-0.12","1273394911000"
"006120","SK디스커버리","52700","-1500","-2.77","917704677700"
"006340","대원전선","15150","970","6.84","1187978402400"
"006650","대한유화","138000","-2000","-1.43","897000000000"
"293940","신한알파리츠","5420","-120","-2.17","655495466660"
"357120","코람코라이프인프라리츠","4330","-70","-1.59","421462082820"
"417310","코람코더원리츠","9950","-60","-0.60","401980000000"
"448730","삼성FN리츠","5320","-150","-2.74","484386000000"
"000070","삼양홀딩스","60700","-400","-0.65","471225693700"
"000370","한화손해보험","7120","590","9.04","831181074800"
"000400","롯데손해보험","2160","90","4.35","670326451200"
"000640","동아쏘시오홀딩스","92600","-2600","-2.73","623432000200"
"000650","천일고속","259500","-71000","-21.48","370882590000"
"000680","LS네트웍스","3830","280","7.89","301815551280"
"001060","JW중외제약","29500","-500","-1.67","686934935000"
"001200","유진투자증권","5410","-470","-7.99","524047321380"
"001230","동국홀딩스","11400","0","0.00","362525506200"
"001250","GS글로벌","3785","-55","-1.43","312390296740"
"001270","부국증권","66800","0","0.00","692708384800"
"001390","KG케미칼","5340","-50","-0.93","359024380200"
"001500","현대차증권","10580","-370","-3.38","654193605520"
"001530","DI동일","27750","-500","-1.77","574858482750"
"001570","금양","9900","0","0.00","633275240400"
"001680","대상","20200","-550","-2.65","699890105000"
"001750","한양증권","24900","-1400","-5.32","316940496600"
"001820","삼화콘덴서","62500","-2700","-4.14","649687500000"
"001940","KISCO홀딩스","24050","-250","-1.03","340941939000"
"002020","코오롱","66100","1400","2.16","853197648000"
"002030","아세아","227500","6000","2.71","468388830000"
"002240","고려제강","21650","-650","-2.91","584550000000"
"002310","아세아제지","8300","-200","-2.35","327430933000"
"002350","넥센타이어","6730","-90","-1.32","657304812210"
"002710","TCC스틸","16500","-300","-1.79","432526000500"
"002810","삼영무역","20700","-400","-1.90","382265823600"
"002840","미원상사","132400","-3600","-2.65","628900000000"
"002900","TYM","8350","-40","-0.48","345690000000"
"002960","한국쉘석유","514000","-66000","-11.38","668200000000"
"003000","부광약품","5540","-160","-2.81","546602277340"
"003030","세아제강지주","172600","-20800","-10.75","714849998200"
"003160","디아이","29150","200","0.69","824945000000"
"003280","흥아해운","2690","-50","-1.82","646742978310"
"003300","한일홀딩스","17530","-530","-2.93","540500456520"
"003620","KG모빌리티","3730","-135","-3.49","754858421760"
"003720","삼영","10630","-630","-5.60","361420000000"
"003850","보령","9460","-240","-2.47","811546978220"
"004490","세방전지","58900","-2600","-4.23","816354000000"
"004690","삼천리","132000","-4500","-3.30","478734564000"
"004700","조광피혁","62100","-300","-0.48","412911469800"
"004710","한솔테크닉스","13890","620","4.67","436389311130"
"005010","휴스틸","5810","-280","-4.60","326452715750"
"005090","SGC에너지","49900","-2100","-4.04","719025716700"
"005180","빙그레","74600","-2900","-3.74","691469712600"
"005250","녹십자홀딩스","15470","470","3.13","727526408700"
"005420","코스모화학","14680","-310","-2.07","563832787040"
"005610","삼립","45700","-1100","-2.35","394345711300"
"005720","넥센","6920","-50","-0.72","363604320840"
"005810","풍산홀딩스","40950","-950","-2.27","590388107400"
"005880","대한해운","2500","10","0.40","806868350000"
"006220","제주은행","11040","-210","-1.87","417296069280"
"006380","카프로","3660","0","0.00","618539985360"
"007690","국도화학","36450","-1900","-4.95","337557326400"
"007700","F&F홀딩스","18300","-500","-2.66","715792916100"
"008060","대덕","20500","1730","9.22","641385509000"
"008730","율촌화학","22400","-600","-2.61","555520000000"
"009160","SIMPAC","6000","-560","-8.54","392225808000"
"009240","한샘","34000","-1450","-4.09","800153552000"
"009290","광동제약","7380","-150","-1.99","367522583040"
"009410","태영건설","1787","6","0.34","531793469386"
"009900","명신산업","10990","-310","-2.74","576646761670"
"010690","화신","12400","-760","-5.78","433013084000"
"010820","퍼스텍","11810","110","0.94","575996587780"
"011500","한농화성","19720","90","0.46","308362468240"
"011760","현대코퍼레이션","27100","-850","-3.04","358504978600"
"011930","신성이엔지","32800","-7150","-17.90","675181932000"
"012030","DB","2000","-125","-5.88","402347866000"
"0120G0","삼양바이오팜","62100","-3300","-5.05","461767527000"
"014820","동원시스템즈","23700","-900","-3.66","687093383400"
"014830","유니드","75800","-3200","-4.05","512984080000"
"015360","INVENI","16880","-110","-0.65","459980000000"
"015860","일진홀딩스","11920","-380","-3.09","588221997360"
"016380","KG스틸","6950","-540","-7.21","695061834150"
"016590","신대양제지","11330","-80","-0.70","456574300600"
"016610","DB증권","12500","-500","-3.85","530579862500"
"016800","퍼시스","29300","-950","-3.14","336950000000"
"017390","서울가스","61100","-1900","-3.02","302445000000"
"017810","풀무원","11140","120","1.09","424662837880"
"017860","DS단석","18810","-60","-0.32","334049404590"
"017900","광전자","10800","100","0.93","625792640400"
"017940","E1","95000","-7600","-7.41","651700000000"
"018250","애경산업","12970","-470","-3.50","342536856950"
"019170","신풍제약","11040","150","1.38","578700482880"
"020000","한섬","26700","-250","-0.93","573435739800"
"024720","콜마홀딩스","9720","-130","-1.32","333359637480"
"025540","한국단자","81400","-4000","-4.68","823361000000"
"025860","남해화학","8090","-220","-2.65","401901839870"
"026890","스틱인베스트먼트","8580","-370","-4.13","332653781460"
"027410","BGF","4880","-95","-1.91","467097940080"
"029460","케이씨","36050","-1350","-3.61","397290286750"
"029530","신도리코","45100","-900","-1.96","438179377900"
"030190","NICE평가정보","14230","-650","-4.37","838311029210"
"031430","신세계인터내셔날","15480","-710","-4.39","541583280000"
"033270","유나이티드제약","19400","-340","-1.72","308669035000"
"034310","NICE","13390","-70","-0.52","492178332230"
"034830","한국토지신탁","1440","-95","-6.19","363584491200"
"036530","SNT홀딩스","52300","-800","-1.51","852693237800"
"039130","하나투어","39150","-350","-0.89","606430837800"
"058430","포스코스틸리온","6740","-280","-3.99","404400000000"
"058650","세아홀딩스","144300","-2700","-1.84","612154654800"
"060980","HL홀딩스","46550","-450","-0.96","422620327850"
"064960","SNT모티브","31800","-1350","-4.07","843980649600"
"069260","TKG휴켐스","17540","-2560","-12.74","717010433520"
"071320","지역난방공사","74000","-2700","-3.52","856827056000"
"072710","농심홀딩스","96600","-1600","-1.63","448010514000"
"078520","에이블씨엔씨","14300","-780","-5.17","372002502300"
"079160","CJ CGV","4915","15","0.31","813837422275"
"079900","전진건설로봇","56500","-2700","-4.56","824478792500"
"084010","대한제강","10650","-390","-3.53","366057497400"
"084690","대상홀딩스","9350","110","1.19","338587230300"
"089590","제주항공","4940","-40","-0.80","398366465900"
"091810","트리니티항공","859","-16","-1.83","354740787615"
"092220","KEC","1838","0","0.00","369002653158"
"092230","KPX홀딩스","85200","0","0.00","359939839200"
"092790","넥스틸","18930","-1770","-8.55","492217860000"
"093050","LF","24400","-300","-1.21","713456000000"
"097520","엠씨넥스","22200","-1300","-5.53","386313300000"
"104700","한국철강","9450","-60","-0.63","344452500000"
"105630","한세실업","9750","-900","-8.45","390000000000"
"105840","우진","22150","1150","5.48","447378390500"
"108670","LX하우시스","38400","-50","-0.13","344358528000"
"114090","GKL","12180","-430","-3.41","753402060600"
"123890","한국자산신탁","2440","15","0.62","298592379440"
"126560","현대퓨처넷","3100","0","0.00","338523224000"
"126720","수산인더스트리","29500","-700","-2.32","421437000000"
"128820","대성산업","6810","-510","-6.97","308053605180"
"130660","한전산업","15500","-170","-1.08","505300000000"
"145720","덴티움","49500","-2200","-4.26","426882604500"
"145990","삼양사","44950","0","0.00","463589532550"
"161000","애경케미칼","13300","-130","-0.97","647027829700"
"170900","동아에스티","40400","-1550","-3.69","393003887600"
"178920","PI첨단소재","27100","-800","-2.87","795827326200"
"183190","아세아시멘트","10660","30","0.28","389158522480"
"192650","드림텍","5610","-710","-11.23","386945256390"
"194370","제이에스코퍼레이션","12520","-980","-7.26","363289810160"
"200880","서연이화","13790","400","2.99","372722146230"
"214320","이노션","21200","350","1.68","848000000000"
"217590","티엠씨","23150","-850","-3.54","557781308750"
"249420","일동제약","21400","-850","-3.82","677058592800"
"268280","미원에스씨","111800","2200","2.01","559000000000"
"271940","일진하이솔루스","15640","-140","-0.89","567938291600"
"272450","진에어","6080","-30","-0.49","317376000000"
"284740","쿠쿠홈시스","23750","-700","-2.86","532886587500"
"285130","SK케미칼","46950","-1750","-3.59","812177063700"
"286940","롯데이노베이트","21300","-900","-4.05","322255517100"
"306200","세아제강","153800","-5600","-3.51","436222940000"
"317450","명인제약","50800","-800","-1.55","741680000000"
"336370","솔루스첨단소재","11130","20","0.18","781519038720"
"344820","KCC글라스","26350","-150","-0.57","420822991200"
"377740","바이오노트","5030","55","1.11","512486821440"
"381970","케이카","10020","-230","-2.24","489184896960"
"383800","LX홀딩스","9600","440","4.80","732294624000"
"403550","쏘카","14130","-1170","-7.65","464056075260"
"452260","한화갤러리아","3090","-260","-7.76","599026194900"
"453340","현대그린푸드","18510","130","0.71","601049075370"
"460860","동국제강","13000","40","0.31","644904221000"
"484870","엠앤씨솔루션","88200","-3200","-3.50","807373980000"
"143210","핸즈코퍼레이션","1199","0","0.00","26229020653"
"145210","다이나믹디자인","224","0","0.00","9461013632"
"155660","DSR","4450","70","1.60","71200000000"
"163560","동일고무벨트","7260","360","5.22","100914000000"
"210540","디와이파워","14110","-120","-0.84","155798499880"
"210980","SK디앤디","12330","-140","-1.12","229552320060"
"213500","한솔제지","7220","-30","-0.41","171840158720"
"214330","금호에이치티","3450","-190","-5.22","75226045950"
"214390","경보제약","6010","-130","-2.12","143680228600"
"214420","토니모리","6670","-250","-3.61","160445509330"
"226320","잇츠한불","11900","-470","-3.80","260958848500"
"227840","현대코퍼레이션홀딩스","12930","-70","-0.54","117673809480"
"234080","JW생명과학","12040","10","0.08","190648030160"
"241590","화승엔터프라이즈","4390","-55","-1.24","265986921640"
"244920","에이플러스에셋","11280","870","8.36","255014777040"
"248170","샘표식품","25800","250","0.98","117861778800"
"264900","크라운제과","8360","-250","-2.90","104699386000"
"267290","경동도시가스","21900","-350","-1.57","129109391400"
"267850","아시아나IDT","10130","-170","-1.65","112443000000"
"271980","제일약품","13970","170","1.23","205427061840"
"272550","삼양패키징","10310","-40","-0.39","155355265860"
"293480","하나제약","9850","420","4.45","175063518100"
"298000","효성화학","38900","0","0.00","147501447900"
"298690","에어부산","1896","-63","-3.22","221149440000"
"308170","씨티알모빌리티","4665","-95","-2.00","40165650000"
"317400","자이에스앤디","4155","-60","-1.42","161141370600"
"339770","교촌에프앤비","4210","-15","-0.36","210352986800"
"363280","티와이홀딩스","2580","-25","-0.96","117383119140"
"372910","한컴라이프케어","2300","-20","-0.86","63651133800"
"378850","화승알앤에이","3600","100","2.86","68377042800"
"446070","유니드비티플러스","2650","-100","-3.64","28119719750"
"460850","동국씨엠","6080","30","0.50","181783828480"
"462520","조선내화","14510","-360","-2.42","172018487680"
"465770","STX그린로지스","3715","105","2.91","26640383880"
"475560","더본코리아","18900","-250","-1.31","280248633000"
"480370","씨케이솔루션","2145","-230","-9.68","69672620160"
"487570","HS효성","57600","-1400","-2.37","214613395200"
"053690","한미글로벌","22750","-550","-2.36","249284262500"
"055490","테이팩스","21900","4220","23.87","104455335000"
"058730","다스코","3075","-75","-2.38","61340779575"
"058850","KTcs","2590","-30","-1.15","107237525500"
"058860","KTis","2750","-35","-1.26","95705500000"
"063160","종근당바이오","18100","-410","-2.22","99295912200"
"067830","세이브존I&C","2930","10","0.34","120249822350"
"068290","삼성출판사","7550","-230","-2.96","75500000000"
"069460","대호에이엘","532","0","0.00","46322278464"
"069640","한세엠케이","1292","-321","-19.90","28945000292"
"069730","DSR제강","5320","140","2.70","76608000000"
"070960","모나용평","2865","-55","-1.88","137901999045"
"071090","하이스틸","3950","-140","-3.42","79756310450"
"071840","롯데하이마트","7170","-20","-0.28","169267295040"
"071950","코아스","1584","83","5.53","19735364880"
"072130","유엔젤","4790","5","0.10","60811224660"
"074610","이엔플러스","5110","0","0.00","44815400070"
"075180","새론오토모티브","2980","-10","-0.33","57216000000"
"077500","유니퀘스트","7410","-450","-5.73","160056755820"
"078000","텔코웨어","14870","-330","-2.17","137399944990"
"079430","현대리바트","6910","-90","-1.29","138989135820"
"079980","휴비스","2710","-120","-4.24","93495000000"
"081000","일진다이아","12800","130","1.03","181798080000"
"083420","그린케미칼","5350","-40","-0.74","128400000000"
"084670","동양고속","50700","-15100","-22.95","146805348300"
"084680","이월드","1712","-30","-1.72","242772202416"
"084870","TBH글로벌","1994","-31","-1.53","41588497086"
"085310","엔케이","1169","0","0.00","86717288567"
"088790","진도","2885","285","10.96","35911741440"
"089470","HDC현대EP","4520","-300","-6.22","144188000000"
"090080","평화산업","950","-9","-0.94","52157146050"
"090350","노루페인트","8310","240","2.97","166200000000"
"090370","메타랩스","1335","0","0.00","33247759815"
"092200","디아이씨","6900","-270","-3.77","268331126100"
"092440","기신정기","2150","-35","-1.60","62780000000"
"092780","DYP","4950","25","0.51","65183877000"
"093240","형지엘리트","857","-2","-0.23","52611451963"
"094280","효성ITX","12510","-190","-1.50","144593082000"
"095570","AJ네트웍스","4790","135","2.90","216760715610"
"095720","웅진씽크빅","1882","-116","-5.81","106948573970"
"096760","JW홀딩스","3920","-80","-2.00","289785772640"
"100220","비상교육","6460","190","3.03","83958946860"
"100250","진양홀딩스","3020","-10","-0.33","192978000000"
"101140","인바이오젠","6680","-10","-0.15","67095362880"
"101530","해태제과식품","6330","-410","-6.08","184309483260"
"102260","동성케미컬","4185","-90","-2.11","212052238335"
"102460","이연제약","11470","200","1.77","213190722170"
"107590","미원홀딩스","58500","-400","-0.68","135720000000"
"109070","주성코퍼레이션","1512","-79","-4.97","79849067760"
"111110","호전실업","7350","-300","-3.92","68913600000"
"111380","동인기연","13760","-350","-2.48","84321280000"
"117580","대성에너지","8140","-10","-0.12","223850000000"
"118000","메타케어","1909","-171","-8.22","32792298024"
"119650","KC코트렐","918","0","0.00","100782913662"
"120030","조선선재","94400","0","0.00","118722254400"
"122900","아이마켓코리아","7350","-50","-0.68","245701974000"
"123690","한국화장품","8010","-350","-4.19","128704680000"
"123700","SJM","3700","-15","-0.40","57738122600"
"129260","인터지스","2245","-25","-1.10","66783977130"
"133820","화인베스틸","1285","-15","-1.15","47692135070"
"134380","미원화학","12200","-200","-1.61","268310696000"
"134790","시디즈","19270","1000","5.47","38540000000"
"136490","선진","11060","-490","-4.24","263002420240"
"139990","아주스틸","3125","-180","-5.45","121110668750"
"016740","두올","4990","195","4.07","143083379760"
"016880","웅진","2390","-135","-5.35","191025721200"
"017040","광명전기","932","0","0.00","40390657180"
"017180","명문제약","1635","-21","-1.27","55513897290"
"017370","우신시스템","5440","-80","-1.45","99628453760"
"017550","수산세보틱스","2650","-185","-6.53","165357694500"
"018470","조일알미늄","1441","-22","-1.50","182476309961"
"018500","동원금속","1762","11","0.63","82382191946"
"019180","티에이치엔","7950","310","4.06","143100000000"
"019490","엑시큐어하이트론","541","0","0.00","41349858070"
"019680","대교","1185","-14","-1.17","100372877250"
"020120","키다리스튜디오","3630","30","0.83","134541470580"
"020760","일진디스플","902","0","0.00","50984432422"
"021050","서원","1474","17","1.17","69977545660"
"021820","세원정공","13760","-470","-3.30","137600000000"
"023000","삼원강재","2315","-10","-0.43","91997998140"
"023150","MH에탄올","3950","-60","-1.50","29145177700"
"023350","한국종합기술","4950","-90","-1.79","54202500000"
"023450","동남합성","30550","100","0.33","106925000000"
"023800","인지컨트롤스","7480","-270","-3.48","118252793560"
"023810","인팩","6890","-1140","-14.20","68900000000"
"023960","에쓰씨엔지니어링","1121","-56","-4.76","42638327975"
"024070","WISCOM","2075","5","0.24","31802358850"
"024090","디씨엠","12220","-260","-2.08","139308000000"
"024890","대원화성","906","0","0.00","37371731712"
"024900","디와이덕양","2020","-40","-1.94","65781259600"
"025000","KPX케미칼","52600","700","1.35","230320093400"
"025530","SJM홀딩스","3725","20","0.54","55629179800"
"025560","미래산업","24950","5740","29.88","127016158600"
"025620","차AI헬스케어","6960","-280","-3.87","126699652080"
"025750","한솔홈데코","2445","100","4.26","39396355905"
"025820","이구산업","5830","-250","-4.11","194966860000"
"025890","한국주강","1975","-85","-4.13","22010616600"
"026940","부국철강","2400","-5","-0.21","48000000000"
"027740","마니커","1556","-86","-5.24","49411735384"
"027970","한국제지","720","0","0.00","136928330640"
"028100","동아지질","15890","-360","-2.22","212759186780"
"030210","다올투자증권","3995","-5","-0.13","243339868470"
"030720","동원수산","6220","-20","-0.32","28946667100"
"031440","신세계푸드","51000","0","0.00","197496480000"
"031820","아이티센씨티에스","7720","-240","-3.02","93451727120"
"032560","황금에스티","5980","-100","-1.64","101660000000"
"033250","체시스","4170","-35","-0.83","26688000000"
"033530","SJG세종","8420","700","9.07","234252491620"
"033920","무학","8210","-310","-3.64","233985000000"
"034120","SBS","14240","-620","-4.17","264169629120"
"034590","인천도시가스","26300","50","0.19","115056030200"
"035000","HS애드","7500","-80","-1.06","121557330000"
"035150","백산","11580","-20","-0.17","231933978780"
"035510","신세계 I&C","18810","-850","-4.32","262980729000"
"036420","콘텐트리중앙","5240","-90","-1.69","100934493920"
"036580","팜스코","3005","-90","-2.91","110367468715"
"037270","YG PLUS","4375","-115","-2.56","278526106250"
"037560","LG헬로비전","2190","-60","-2.67","169608634350"
"037710","광주신세계","38200","250","0.66","291357970400"
"039570","HDC랩스","7900","-90","-1.13","205065047900"
"041650","상신브레이크","2620","-25","-0.95","56255199000"
"044380","주연테크","1879","-271","-12.60","24232177764"
"044450","KSS해운","10860","-380","-3.38","250712656800"
"044820","코스맥스비티아이","20650","100","0.49","198320968650"
"047400","유니온머티리얼","1610","-3","-0.19","67620000000"
"049800","우진플라임","2260","-120","-5.04","45200000000"
"051630","진양화학","1980","-65","-3.18","41976000000"
"053210","스카이라이프","4480","-60","-1.32","212902838400"
"009310","참엔지니어링","5330","0","0.00","23329484620"
"009320","아진전자부품","1021","-24","-2.30","50335065170"
"009440","KC그린홀딩스","756","0","0.00","17568790596"
"009460","한창제지","2320","-400","-14.71","27685713040"
"009470","삼화전기","34050","-1650","-4.62","225200571000"
"009580","무림P&P","2385","-70","-2.85","148748452740"
"009680","모토닉","10610","20","0.19","230588127340"
"009770","삼정펄프","28800","-650","-2.21","71999164800"
"009810","플레이그램","1178","0","0.00","35784695000"
"010040","한국내화","1818","6","0.33","74659918716"
"010100","한국무브넥스","4765","-335","-6.57","145096251300"
"010400","우진아이엔에스","3665","25","0.69","27934630000"
"010580","에스엠벡셀","2050","-5","-0.24","228066108000"
"010640","진양폴리","2170","-25","-1.14","36239000000"
"010660","화천기계","4265","-65","-1.50","93830000000"
"010770","평화홀딩스","4285","120","2.88","62670121810"
"010960","삼호개발","3500","-115","-3.18","84420000000"
"011000","진원생명과학","1051","91","9.48","95517935257"
"011090","에넥스","428","0","0.00","25676422348"
"011150","CJ씨푸드","2450","-50","-2.00","88030393850"
"011230","삼화전자","2150","-60","-2.71","41206437750"
"011280","태림포장","1900","-10","-0.52","134531286000"
"011300","우성머티리얼스","2560","-100","-3.76","40592335360"
"011330","유니켐","564","-3","-0.53","50865940068"
"011390","부산산업","59100","-2900","-4.68","62409600000"
"011420","갤럭시아에스엠","1715","-13","-0.75","47247639460"
"011690","와이투솔루션","6200","-270","-4.17","227567242800"
"011700","한신기계","3880","-5","-0.13","125891065880"
"011810","STX","3530","0","0.00","109493282310"
"012160","영흥","432","11","2.61","43766080704"
"012170","아센디오","1142","87","8.25","22147144032"
"012200","계양전기","8770","-240","-2.66","238744210330"
"012280","영화금속","992","7","0.71","51251188960"
"012320","경동인베스트","57900","-800","-1.36","136934831700"
"012610","경인양행","5540","-120","-2.12","230554662100"
"012690","모나리자","2075","-45","-2.12","75885354125"
"012800","대창","1523","-57","-3.61","138806979977"
"013000","세우글로벌","1516","3","0.20","43516826996"
"013360","일성건설","1585","-36","-2.22","85629434800"
"013520","화승코퍼레이션","3175","-35","-1.09","158912725100"
"013570","디와이","4565","-185","-3.89","120149124645"
"013580","계룡건설","24150","-550","-2.23","215681404050"
"013700","까뮤이앤씨","1308","-92","-6.57","78154085640"
"013870","지엠비코리아","4415","-5","-0.11","84204116200"
"013890","지누스","11700","240","2.09","256532012100"
"014130","한익스프레스","2605","-5","-0.19","31260000000"
"014160","대영포장","1038","11","1.07","112513541862"
"014280","금강공업","5070","-150","-2.87","148699839990"
"014440","영보화학","4695","-25","-0.53","93900000000"
"014530","극동유화","3565","0","0.00","124309482300"
"014580","태경비케이","4510","15","0.33","124399781000"
"014710","사조씨푸드","7510","200","2.74","129311257930"
"014790","HL D&I","2910","-35","-1.19","110168528910"
"014910","성문전자","2285","-500","-17.95","49943832245"
"014990","인디에프","592","-16","-2.63","44466893040"
"015020","이스타코","464","0","0.00","19883142400"
"015230","대창단조","6640","-70","-1.04","180233636800"
"015260","에이엔피","625","1","0.16","29448058750"
"015590","DKME","2900","-85","-2.85","137449293200"
"015890","태경산업","5060","190","3.90","147897475000"
"016090","대현","1714","-42","-2.39","75899879340"
"016450","한세예스24홀딩스","4355","-25","-0.57","174200000000"
"016580","환인제약","11210","-260","-2.27","208506784700"
"016710","대성홀딩스","8120","-70","-0.85","130646407080"
"004830","덕성","4045","-65","-1.58","63425600000"
"004840","DRB동일","4930","-80","-1.60","95012754520"
"004870","티웨이홀딩스","237","-2","-0.84","26819748078"
"004890","동일산업","36450","-700","-1.88","88399086750"
"004910","조광페인트","4090","-45","-1.09","52352000000"
"004920","씨아이테크","1056","-14","-1.31","55101944832"
"004960","한신공영","13570","-740","-5.17","157014426140"
"004970","신라교역","9240","-60","-0.65","147840000000"
"004980","성신양회","9700","-160","-1.62","237805908100"
"005030","부산주공","486","0","0.00","45092532168"
"005110","한창","1254","0","0.00","26467434378"
"005320","온타이드","588","0","0.00","40204905720"
"005360","모나미","1522","-18","-1.17","28761701254"
"005430","한국공항","70400","1600","2.33","222911392000"
"005500","삼진제약","19940","430","2.20","265600800000"
"005680","삼영전자","13200","-500","-3.65","264000000000"
"005740","크라운해태홀딩스","6750","-400","-5.59","100219592250"
"005750","대림바스","5220","90","1.75","86611492800"
"005800","신영와코루","14690","-150","-1.01","132210000000"
"005820","원림","15340","-170","-1.10","35250859800"
"005870","휴니드","7340","-50","-0.68","103611550100"
"005950","이수화학","10790","780","7.79","283714083510"
"005960","동부건설","7510","-450","-5.65","172329439130"
"006060","화승인더","3165","-255","-7.46","175087800000"
"006090","사조오양","8260","-30","-0.36","77831824140"
"006200","한국전자홀딩스","801","0","0.00","37489311936"
"006370","대구백화점","5120","0","0.00","55406648320"
"006490","인스코비","382","4","1.06","55728496694"
"006570","대림통상","1924","-5","-0.26","29292900000"
"006660","삼성공조","12100","-260","-2.10","98328399400"
"006740","블루산업개발","589","0","0.00","33558621332"
"006840","AK홀딩스","7990","230","2.96","105848012390"
"006880","신송홀딩스","6250","-130","-2.04","73930362500"
"006890","태경케미컬","7870","10","0.13","91292000000"
"006980","우성","21400","-150","-0.70","66126000000"
"007110","일신석재","1363","-31","-2.22","105573359430"
"007120","미래아이앤지","1500","-49","-3.16","43317912000"
"007160","사조산업","48900","-2200","-4.31","244500000000"
"007210","벽산","1806","-44","-2.38","118040160000"
"007280","한국특강","2560","25","0.99","77841036800"
"007460","에이프로젠","4375","-335","-7.11","96047297500"
"007540","샘표","48100","-650","-1.33","138325980000"
"007570","일양약품","9770","-110","-1.11","186466937280"
"007590","동방아그로","6010","40","0.67","81841637770"
"007610","선도전기","9400","-590","-5.91","169200000000"
"007860","서연","9010","140","1.58","211553394440"
"007980","TP","1985","-50","-2.46","93091239750"
"008040","사조동아원","1021","-28","-2.67","144108636600"
"008250","이건산업","3500","-5","-0.14","38334222500"
"008260","NI스틸","3625","-55","-1.49","103675424125"
"008350","남선알미늄","1750","-62","-3.42","225888407500"
"008420","문배철강","2430","-5","-0.21","49823517150"
"008490","서흥","22750","800","3.64","263197320750"
"008500","일정실업","2180","-170","-7.23","13080000000"
"008600","윌비스","2620","0","0.00","17615839860"
"008700","아남전자","1290","-22","-1.68","99491017800"
"008870","금비","44200","200","0.45","44200000000"
"008970","KBI동양철관","1577","-6","-0.38","163640412339"
"009070","KCTC","5410","150","2.85","162300000000"
"009140","경인전자","27000","-300","-1.10","42411519000"
"009180","한솔로지스틱스","3045","-75","-2.40","85734487125"
"009190","대양금속","1375","11","0.81","59389859375"
"009200","무림페이퍼","1802","-61","-3.27","74979976620"
"009270","신원","1180","-22","-1.83","135429063740"
"002140","고려산업","2470","5","0.20","61600379750"
"002150","도화엔지니어링","6090","-110","-1.77","205354800000"
"002170","SYTS","58200","-1300","-2.18","174600000000"
"002200","한국수출포장","2620","-90","-3.32","99560000000"
"002210","동성제약","973","0","0.00","94010780311"
"002220","한일철강","4610","-120","-2.54","123075290600"
"002320","한진","18050","-120","-0.66","280111018800"
"002360","SH에너지화학","358","0","0.00","39785875340"
"002390","한독","9240","-430","-4.45","127175044920"
"002410","범양건영","1935","0","0.00","53173451700"
"002420","세기상사","5620","450","8.70","33551107760"
"002450","삼익악기","1345","27","2.05","121764080675"
"002460","HS화성","13150","-390","-2.88","133472500000"
"002600","조흥","144300","-1100","-0.76","86580000000"
"002620","제일파마홀딩스","8790","30","0.34","140405790450"
"002630","오리엔트바이오","483","5","1.05","57275591415"
"002690","동일제강","1596","23","1.46","32399374560"
"002700","신일전자","1401","-3","-0.21","98136576921"
"002720","국제약품","4110","-60","-1.44","86966909520"
"002760","보락","1017","-21","-2.02","60918300000"
"002780","진흥기업","1117","-16","-1.41","162491939165"
"002820","SUN&L","2300","0","0.00","28998374700"
"002870","신풍","1144","-106","-8.48","39992752800"
"002880","디와이에이","860","-28","-3.15","40225635700"
"002920","유성기업","1810","-18","-0.98","46964975000"
"002990","금호건설","4355","-230","-5.02","162267186770"
"003010","혜인","6090","-140","-2.25","77420629230"
"003060","에이프로젠바이오로직스","3635","-375","-9.35","48080832015"
"003070","코오롱글로벌","10070","-430","-4.10","256019267130"
"003080","SB성보","2410","20","0.84","48248200000"
"003120","일성아이에스","20100","-550","-2.66","267330000000"
"003200","일신방직","11500","-400","-3.36","264040000000"
"003220","대원제약","9600","-240","-2.44","215304796800"
"003350","한국화장품제조","9560","-730","-7.09","216629600000"
"003460","유화증권","3255","-10","-0.31","184566360825"
"003480","한진중공업홀딩스","5730","-270","-4.50","169205822760"
"003520","영진약품","1531","-23","-1.48","280008771161"
"003580","HLB글로벌","1826","-38","-2.04","92511560130"
"003610","방림","5270","-80","-1.50","190785372660"
"003650","미창석유","121900","-1500","-1.22","212066016800"
"003680","한성기업","4935","0","0.00","30643956525"
"003780","진양산업","5460","-30","-0.55","70980000000"
"003830","대한화섬","118700","1600","1.37","157633600000"
"003920","남양유업","48400","-2000","-3.97","290400000000"
"003960","사조대림","30300","-50","-0.16","277683350100"
"004060","SG세계물산","3495","-160","-4.38","70747523520"
"004080","신흥","13820","20","0.14","129908000000"
"004090","한국석유","14100","-320","-2.22","178987092000"
"004100","태양금속","2730","-10","-0.36","100191000000"
"004140","동방","2375","-55","-2.26","113932944250"
"004150","한솔홀딩스","3600","-100","-2.70","147695832000"
"004250","NPC","3510","30","0.86","128887200000"
"004270","남성","7190","60","0.84","26036543040"
"004310","현대약품","7590","50","0.66","242880000000"
"004360","세방","14390","-260","-1.77","275073527170"
"004380","삼익THK","13410","320","2.44","277587000000"
"004410","서울식품","158","0","0.00","62338921488"
"004430","송원산업","12130","-260","-2.10","291120000000"
"004440","삼일씨엔에스","6140","-260","-4.06","78174154580"
"004450","삼화왕관","27150","100","0.37","58491389850"
"004540","깨끗한나라","1890","32","1.72","70384909770"
"004560","현대비앤지스틸","16280","-310","-1.87","245483043080"
"004720","팜젠사이언스","3670","-55","-1.48","80573022340"
"004770","써니전자","1760","80","4.76","62493090880"
"0030R0","대신밸류리츠","4195","-5","-0.12","250777100000"
"088260","이리츠코크렙","4150","-215","-4.93","262867598500"
"140910","에이리츠","3130","0","0.00","13969290160"
"145270","케이탑리츠","830","-15","-1.78","39890442420"
"204210","스타에스엠리츠","2035","0","0.00","15927568525"
"334890","이지스밸류플러스리츠","3990","-60","-1.48","277100245170"
"338100","NH프라임리츠","4515","5","0.11","84249900000"
"348950","제이알글로벌리츠","1182","0","0.00","233298432000"
"350520","이지스레지던스리츠","3520","-85","-2.36","129769031040"
"357250","미래에셋맵스리츠","2140","-50","-2.28","53489524700"
"357430","마스턴프리미어리츠","895","-104","-10.41","27302249765"
"377190","디앤디플랫폼리츠","2670","-75","-2.73","236028000000"
"396690","미래에셋글로벌리츠","1660","-56","-3.26","65745860400"
"400760","NH올원리츠","3105","-65","-2.05","170555398875"
"404990","신한서부티엔디리츠","3740","-160","-4.10","229009864160"
"432320","KB스타리츠","1589","-120","-7.02","239564448865"
"481850","신한글로벌액티브리츠","959","-41","-4.10","41695079776"
"000020","동화약품","6130","60","0.99","171219911100"
"000040","KR모터스","395","17","4.50","34118197680"
"000050","경방","10620","560","5.57","291150167400"
"000140","하이트진로홀딩스","8750","-110","-1.24","203059193750"
"000180","성창기업지주","6200","90","1.47","86491984000"
"000220","유유제약","3975","-5","-0.13","67703595225"
"000230","일동홀딩스","8150","-20","-0.24","94054260000"
"000300","DH오토넥스","4200","0","0.00","174035631000"
"000320","노루홀딩스","19710","-170","-0.86","261968586210"
"000390","SP삼화","7810","10","0.13","212459092890"
"000430","대원강업","4510","-165","-3.53","279620000000"
"000480","CR홀딩스","4825","-50","-1.03","226246614250"
"000490","대동","9550","-600","-5.91","275296560750"
"000520","삼일제약","8110","-240","-2.87","175920587210"
"000540","흥국화재","4115","110","2.75","264358484175"
"000590","CS홀딩스","77500","1500","1.97","89472355000"
"000700","유수홀딩스","5770","-130","-2.20","150261255240"
"000760","이화산업","15090","60","0.40","42252000000"
"000850","화천기공","35600","600","1.71","78320000000"
"000860","강남제비스코","15090","-260","-1.69","196170000000"
"000890","보해양조","422","0","0.00","58286694438"
"000910","유니온","3965","-150","-3.65","61900069335"
"000950","전방","28900","500","1.76","48552000000"
"000970","한국주철관","6840","-160","-2.29","155955420000"
"001020","페이퍼코리아","674","0","0.00","119960752962"
"001070","대한방직","6340","-70","-1.09","33602000000"
"001080","만호제강","5050","-750","-12.93","209575000000"
"001130","대한제분","14300","-1350","-8.63","241670000000"
"001210","금호전기","777","-15","-1.89","48080824491"
"001260","남광토건","8420","-150","-1.75","82790256240"
"001290","상상인증권","1173","53","4.73","127079441760"
"001340","PKC","5800","-150","-2.52","260844838400"
"001360","삼성제약","1690","-11","-0.65","159133913510"
"001380","SG글로벌","1924","89","4.85","43255504604"
"001420","태원물산","2920","-35","-1.18","22192000000"
"001460","BYC","45500","850","1.90","284199825000"
"001470","삼부토건","347","0","0.00","79699592928"
"001520","동양","662","-14","-2.07","158008849706"
"001550","조비","12770","-340","-2.59","66304892030"
"001560","제일연마","10600","-250","-2.30","80560000000"
"001620","케이비아이동국실업","2850","-360","-11.21","63437027100"
"001630","종근당홀딩스","46700","-800","-1.68","233960508700"
"001770","SHD","15240","-290","-1.87","18514740720"
"001780","알루코","2570","-70","-2.65","248853439240"
"001790","대한제당","2735","-45","-1.62","245320146300"
"002070","비비안","9500","-500","-5.00","22841268000"
"002100","경농","9550","-80","-0.83","186440591250"